main plan id;year;month;date;premiums;payment mode
58abc45c7370617b2071faf8;2036;2;2036-02-03;3400.0;Cash ( GIRO )
58abc45c7370617b2071faf8;2035;2;2035-02-03;3400.0;Cash ( GIRO )
58abc45c7370617b2071faf8;2034;2;2034-02-03;3400.0;Cash ( GIRO )
58abc45c7370617b2071faf8;2033;2;2033-02-03;3400.0;Cash ( GIRO )
58abc45c7370617b2071faf8;2032;2;2032-02-03;3400.0;Cash ( GIRO )
58abc45c7370617b2071faf8;2031;2;2031-02-03;3400.0;Cash ( GIRO )
58abc45c7370617b2071faf8;2030;2;2030-02-03;3400.0;Cash ( GIRO )
58abc45c7370617b2071faf8;2029;2;2029-02-03;3400.0;Cash ( GIRO )
58abc45c7370617b2071faf8;2028;2;2028-02-03;3400.0;Cash ( GIRO )
58abc45c7370617b2071faf8;2027;2;2027-02-03;3400.0;Cash ( GIRO )
58abc45c7370617b2071faf8;2026;2;2026-02-03;3400.0;Cash ( GIRO )
58abc45c7370617b2071faf8;2025;2;2025-02-03;3400.0;Cash ( GIRO )
58abc45c7370617b2071faf8;2024;2;2024-02-03;3400.0;Cash ( GIRO )
58abc45c7370617b2071faf8;2023;2;2023-02-03;3400.0;Cash ( GIRO )
58abc45c7370617b2071faf8;2022;2;2022-02-03;3400.0;Cash ( GIRO )
58abc45c7370617b2071faf8;2021;2;2021-02-03;3400.0;Cash ( GIRO )
58abc45c7370617b2071faf8;2020;2;2020-02-03;3400.0;Cash ( GIRO )
58abc45c7370617b2071faf8;2019;2;2019-02-03;3400.0;Cash ( GIRO )
58abc45c7370617b2071faf8;2018;2;2018-02-03;3400.0;Cash ( GIRO )
58abc45c7370617b2071faf8;2017;2;2017-02-03;3400.0;Cash ( GIRO )
5abc923e737061239fe3cbc9;2018;3;2018-03-29;456.0;Cash ( GIRO )
5abc923e737061239fe3cbc9;2019;3;2019-03-29;456.0;Cash ( GIRO )
5abc923e737061239fe3cbc9;2020;3;2020-03-29;456.0;Cash ( GIRO )
5abc923e737061239fe3cbc9;2021;3;2021-03-29;456.0;Cash ( GIRO )
5abc923e737061239fe3cbc9;2022;3;2022-03-29;456.0;Cash ( GIRO )
5abc923e737061239fe3cbc9;2023;3;2023-03-29;456.0;Cash ( GIRO )
5abc923e737061239fe3cbc9;2024;3;2024-03-29;456.0;Cash ( GIRO )
5abc923e737061239fe3cbc9;2025;3;2025-03-29;456.0;Cash ( GIRO )
5abc923e737061239fe3cbc9;2026;3;2026-03-29;456.0;Cash ( GIRO )
5abc923e737061239fe3cbc9;2027;3;2027-03-29;456.0;Cash ( GIRO )
5abc923e737061239fe3cbc9;2028;3;2028-03-29;456.0;Cash ( GIRO )
5abc923e737061239fe3cbc9;2029;3;2029-03-29;456.0;Cash ( GIRO )
5abc923e737061239fe3cbc9;2030;3;2030-03-29;456.0;Cash ( GIRO )
5abc923e737061239fe3cbc9;2031;3;2031-03-29;456.0;Cash ( GIRO )
5abc923e737061239fe3cbc9;2032;3;2032-03-29;456.0;Cash ( GIRO )
5abc923e737061239fe3cbc9;2033;3;2033-03-29;456.0;Cash ( GIRO )
5abc923e737061239fe3cbc9;2034;3;2034-03-29;456.0;Cash ( GIRO )
5abc923e737061239fe3cbc9;2035;3;2035-03-29;456.0;Cash ( GIRO )
5abc923e737061239fe3cbc9;2036;3;2036-03-29;456.0;Cash ( GIRO )
5abc923e737061239fe3cbc9;2037;3;2037-03-29;456.0;Cash ( GIRO )
5abc923e737061239fe3cbc9;2038;3;2038-03-29;456.0;Cash ( GIRO )
5abc923e737061239fe3cbc9;2039;3;2039-03-29;456.0;Cash ( GIRO )
5abc923e737061239fe3cbc9;2040;3;2040-03-29;456.0;Cash ( GIRO )
5abc923e737061239fe3cbc9;2041;3;2041-03-29;456.0;Cash ( GIRO )
5abc923e737061239fe3cbc9;2042;3;2042-03-29;456.0;Cash ( GIRO )
5abc923e737061239fe3cbc9;2043;3;2043-03-29;456.0;Cash ( GIRO )
5abc923e737061239fe3cbc9;2044;3;2044-03-29;456.0;Cash ( GIRO )
5abc923e737061239fe3cbc9;2045;3;2045-03-29;456.0;Cash ( GIRO )
5abc923e737061239fe3cbc9;2046;3;2046-03-29;456.0;Cash ( GIRO )
5abc923e737061239fe3cbc9;2047;3;2047-03-29;456.0;Cash ( GIRO )
5abc923e737061239fe3cbc9;2048;3;2048-03-29;456.0;Cash ( GIRO )
5abc923e737061239fe3cbc9;2049;3;2049-03-29;456.0;Cash ( GIRO )
5abc923e737061239fe3cbc9;2050;3;2050-03-29;456.0;Cash ( GIRO )
5abc923e737061239fe3cbc9;2051;3;2051-03-29;456.0;Cash ( GIRO )
5abc923e737061239fe3cbc9;2052;3;2052-03-29;456.0;Cash ( GIRO )
5abc923e737061239fe3cbc9;2053;3;2053-03-29;456.0;Cash ( GIRO )
5abc923e737061239fe3cbc9;2054;3;2054-03-29;456.0;Cash ( GIRO )
5abc923e737061239fe3cbc9;2055;3;2055-03-29;456.0;Cash ( GIRO )
5abc923e737061239fe3cbc9;2056;3;2056-03-29;456.0;Cash ( GIRO )
5abc923e737061239fe3cbc9;2057;3;2057-03-29;456.0;Cash ( GIRO )
5abc923e737061239fe3cbc9;2058;3;2058-03-29;456.0;Cash ( GIRO )
5abc923e737061239fe3cbc9;2059;3;2059-03-29;456.0;Cash ( GIRO )
5abc923e737061239fe3cbc9;2060;3;2060-03-29;456.0;Cash ( GIRO )
5abc923e737061239fe3cbc9;2061;3;2061-03-29;456.0;Cash ( GIRO )
5abc923e737061239fe3cbc9;2062;3;2062-03-29;456.0;Cash ( GIRO )
5abc923e737061239fe3cbc9;2063;3;2063-03-29;456.0;Cash ( GIRO )
5abc923e737061239fe3cbc9;2064;3;2064-03-29;456.0;Cash ( GIRO )
5abc923e737061239fe3cbc9;2065;3;2065-03-29;456.0;Cash ( GIRO )
5abc923e737061239fe3cbc9;2066;3;2066-03-29;456.0;Cash ( GIRO )
5abc923e737061239fe3cbc9;2067;3;2067-03-29;456.0;Cash ( GIRO )
5abc923e737061239fe3cbc9;2068;3;2068-03-29;456.0;Cash ( GIRO )
5abc923e737061239fe3cbc9;2069;3;2069-03-29;456.0;Cash ( GIRO )
5abc923e737061239fe3cbc9;2070;3;2070-03-29;456.0;Cash ( GIRO )
5abc923e737061239fe3cbc9;2071;3;2071-03-29;456.0;Cash ( GIRO )
5abc923e737061239fe3cbc9;2072;3;2072-03-29;456.0;Cash ( GIRO )
5abc923e737061239fe3cbc9;2073;3;2073-03-29;456.0;Cash ( GIRO )
5abc923e737061239fe3cbc9;2074;3;2074-03-29;456.0;Cash ( GIRO )
5abc923e737061239fe3cbc9;2075;3;2075-03-29;456.0;Cash ( GIRO )
5abc923e737061239fe3cbc9;2076;3;2076-03-29;456.0;Cash ( GIRO )
5abc923e737061239fe3cbc9;2077;3;2077-03-29;456.0;Cash ( GIRO )
5abc923e737061239fe3cbc9;2078;3;2078-03-29;456.0;Cash ( GIRO )
5abc923e737061239fe3cbc9;2079;3;2079-03-29;456.0;Cash ( GIRO )
5abc923e737061239fe3cbc9;2080;3;2080-03-29;456.0;Cash ( GIRO )
5abc923e737061239fe3cbc9;2081;3;2081-03-29;456.0;Cash ( GIRO )
5abc923e737061239fe3cbc9;2082;3;2082-03-29;456.0;Cash ( GIRO )
5abc923e737061239fe3cbc9;2083;3;2083-03-29;456.0;Cash ( GIRO )
5abc923e737061239fe3cbc9;2084;3;2084-03-29;456.0;Cash ( GIRO )
5abc923e737061239fe3cbc9;2085;3;2085-03-29;456.0;Cash ( GIRO )
5abc923e737061239fe3cbc9;2086;3;2086-03-29;456.0;Cash ( GIRO )
5abc923e737061239fe3cbc9;2087;3;2087-03-29;456.0;Cash ( GIRO )
5abc923e737061239fe3cbc9;2088;3;2088-03-29;456.0;Cash ( GIRO )
5abc923e737061239fe3cbc9;2089;3;2089-03-29;456.0;Cash ( GIRO )
5abc923e737061239fe3cbc9;2090;3;2090-03-29;456.0;Cash ( GIRO )
5abc923e737061239fe3cbc9;2091;3;2091-03-29;456.0;Cash ( GIRO )
5abc923e737061239fe3cbc9;2092;3;2092-03-29;456.0;Cash ( GIRO )
5abc923e737061239fe3cbc9;2093;3;2093-03-29;456.0;Cash ( GIRO )
5abc923e737061239fe3cbc9;2094;3;2094-03-29;456.0;Cash ( GIRO )
5abc923e737061239fe3cbc9;2095;3;2095-03-29;456.0;Cash ( GIRO )
5abc923e737061239fe3cbc9;2096;3;2096-03-29;456.0;Cash ( GIRO )
5abc923e737061239fe3cbc9;2097;3;2097-03-29;456.0;Cash ( GIRO )
5abc923e737061239fe3cbc9;2098;3;2098-03-29;456.0;Cash ( GIRO )
5abc923e737061239fe3cbc9;2099;3;2099-03-29;456.0;Cash ( GIRO )
5abc923e737061239fe3cbc9;2100;3;2100-03-29;456.0;Cash ( GIRO )
5abc923e737061239fe3cbc9;2101;3;2101-03-29;456.0;Cash ( GIRO )
5abc923e737061239fe3cbc9;2102;3;2102-03-29;456.0;Cash ( GIRO )
5abc923e737061239fe3cbc9;2103;3;2103-03-29;456.0;Cash ( GIRO )
5abc923e737061239fe3cbc9;2104;3;2104-03-29;456.0;Cash ( GIRO )
5abc923e737061239fe3cbc9;2105;3;2105-03-29;456.0;Cash ( GIRO )
5abc923e737061239fe3cbc9;2106;3;2106-03-29;456.0;Cash ( GIRO )
5abc923e737061239fe3cbc9;2107;3;2107-03-29;456.0;Cash ( GIRO )
5abc923e737061239fe3cbc9;2108;3;2108-03-29;456.0;Cash ( GIRO )
5abc923e737061239fe3cbc9;2109;3;2109-03-29;456.0;Cash ( GIRO )
5abc923e737061239fe3cbc9;2110;3;2110-03-29;456.0;Cash ( GIRO )
5abc923e737061239fe3cbc9;2111;3;2111-03-29;456.0;Cash ( GIRO )
5abc923e737061239fe3cbc9;2112;3;2112-03-29;456.0;Cash ( GIRO )
5abc923e737061239fe3cbc9;2113;3;2113-03-29;456.0;Cash ( GIRO )
5ae2d4777370610cc61a93ee;2018;4;2018-04-27;128.0;CPF Medisave Account
5ae2d4777370610cc61a93ee;2019;4;2019-04-27;128.0;CPF Medisave Account
5ae2d4777370610cc61a93ee;2020;4;2020-04-27;128.0;CPF Medisave Account
5ae2d4777370610cc61a93ee;2021;4;2021-04-27;128.0;CPF Medisave Account
5ae2d4777370610cc61a93ee;2022;4;2022-04-27;128.0;CPF Medisave Account
5ef1871843d8da6ca1b2821a;2020;6;2020-06-23;1500.0;Cash ( GIRO )
5ef1871843d8da6ca1b2821a;2021;6;2021-06-23;1500.0;Cash ( GIRO )
5ef1871843d8da6ca1b2821a;2022;6;2022-06-23;1500.0;Cash ( GIRO )
5ef1871843d8da6ca1b2821a;2023;6;2023-06-23;1500.0;Cash ( GIRO )
5ef1871843d8da6ca1b2821a;2024;6;2024-06-23;1500.0;Cash ( GIRO )
5ef1871843d8da6ca1b2821a;2025;6;2025-06-23;1500.0;Cash ( GIRO )
5ef1871843d8da6ca1b2821a;2026;6;2026-06-23;1500.0;Cash ( GIRO )
5ef1871843d8da6ca1b2821a;2027;6;2027-06-23;1500.0;Cash ( GIRO )
5ef1871843d8da6ca1b2821a;2028;6;2028-06-23;1500.0;Cash ( GIRO )
5ef1871843d8da6ca1b2821a;2029;6;2029-06-23;1500.0;Cash ( GIRO )
586c9afd73706155e28e3e9d;2038;12;2038-12-31;4321.0;Cash ( GIRO )
586c9afd73706155e28e3e9d;2037;12;2037-12-31;4321.0;Cash ( GIRO )
586c9afd73706155e28e3e9d;2036;12;2036-12-31;4321.0;Cash ( GIRO )
586c9afd73706155e28e3e9d;2035;12;2035-12-31;4321.0;Cash ( GIRO )
586c9afd73706155e28e3e9d;2034;12;2034-12-31;4321.0;Cash ( GIRO )
586c9afd73706155e28e3e9d;2033;12;2033-12-31;4321.0;Cash ( GIRO )
586c9afd73706155e28e3e9d;2032;12;2032-12-31;4321.0;Cash ( GIRO )
586c9afd73706155e28e3e9d;2031;12;2031-12-31;4321.0;Cash ( GIRO )
586c9afd73706155e28e3e9d;2030;12;2030-12-31;4321.0;Cash ( GIRO )
586c9afd73706155e28e3e9d;2029;12;2029-12-31;4321.0;Cash ( GIRO )
586c9afd73706155e28e3e9d;2028;12;2028-12-31;4321.0;Cash ( GIRO )
586c9afd73706155e28e3e9d;2027;12;2027-12-31;4321.0;Cash ( GIRO )
586c9afd73706155e28e3e9d;2026;12;2026-12-31;4321.0;Cash ( GIRO )
586c9afd73706155e28e3e9d;2025;12;2025-12-31;4321.0;Cash ( GIRO )
586c9afd73706155e28e3e9d;2024;12;2024-12-31;4321.0;Cash ( GIRO )
586c9afd73706155e28e3e9d;2023;12;2023-12-31;4321.0;Cash ( GIRO )
586c9afd73706155e28e3e9d;2022;12;2022-12-31;4321.0;Cash ( GIRO )
586c9afd73706155e28e3e9d;2021;12;2021-12-31;4321.0;Cash ( GIRO )
586c9afd73706155e28e3e9d;2020;12;2020-12-31;4321.0;Cash ( GIRO )
586c9afd73706155e28e3e9d;2019;12;2019-12-31;4321.0;Cash ( GIRO )
586c9afd73706155e28e3e9d;2018;12;2018-12-31;4321.0;Cash ( GIRO )
586c9afd73706155e28e3e9d;2017;12;2017-12-31;4321.0;Cash ( GIRO )
586c9afd73706155e28e3e9d;2016;12;2016-12-31;4321.0;Cash ( GIRO )
586c9afd73706155e28e3e9d;2015;12;2015-12-31;4321.0;Cash ( GIRO )
586c9b9f73706155e28e3ea5;2012;4;2012-04-01;3210.0;Cash ( Credit Card )
586c9b9f73706155e28e3ea5;2013;4;2013-04-01;3210.0;Cash ( Credit Card )
586c9b9f73706155e28e3ea5;2014;4;2014-04-01;3210.0;Cash ( Credit Card )
586c9b9f73706155e28e3ea5;2015;4;2015-04-01;3210.0;Cash ( Credit Card )
586c9b9f73706155e28e3ea5;2016;4;2016-04-01;3210.0;Cash ( Credit Card )
586c9b9f73706155e28e3ea5;2017;4;2017-04-01;3210.0;Cash ( Credit Card )
586c9b9f73706155e28e3ea5;2018;4;2018-04-01;3210.0;Cash ( Credit Card )
586c9b9f73706155e28e3ea5;2019;4;2019-04-01;3210.0;Cash ( Credit Card )
586c9b9f73706155e28e3ea5;2020;4;2020-04-01;3210.0;Cash ( Credit Card )
586c9b9f73706155e28e3ea5;2021;4;2021-04-01;3210.0;Cash ( Credit Card )
586c9b9f73706155e28e3ea5;2022;4;2022-04-01;3210.0;Cash ( Credit Card )
586c9b9f73706155e28e3ea5;2023;4;2023-04-01;3210.0;Cash ( Credit Card )
5ae2d3b47370610cc61a93e7;2015;4;2015-04-27;600.0 | 125.0;CPF Medisave Account | Cash ( GIRO )
5ae2d3b47370610cc61a93e7;2016;4;2016-04-27;600.0 | 125.0;CPF Medisave Account | Cash ( GIRO )
5ae2d3b47370610cc61a93e7;2017;4;2017-04-27;600.0 | 125.0;CPF Medisave Account | Cash ( GIRO )
5ae2d3b47370610cc61a93e7;2018;4;2018-04-27;600.0 | 125.0;CPF Medisave Account | Cash ( GIRO )
5ae2d3b47370610cc61a93e7;2019;4;2019-04-27;600.0 | 125.0;CPF Medisave Account | Cash ( GIRO )
5ae2d3b47370610cc61a93e7;2020;4;2020-04-27;600.0 | 125.0;CPF Medisave Account | Cash ( GIRO )
5ae2d3b47370610cc61a93e7;2021;4;2021-04-27;600.0 | 125.0;CPF Medisave Account | Cash ( GIRO )
5ae2d3b47370610cc61a93e7;2022;4;2022-04-27;600.0 | 125.0;CPF Medisave Account | Cash ( GIRO )
5ae2d4277370610cc51a93d4;2018;4;2018-04-27;128.0;CPF Medisave Account
5ae2d4277370610cc51a93d4;2019;4;2019-04-27;128.0;CPF Medisave Account
5ae2d4277370610cc51a93d4;2020;4;2020-04-27;128.0;CPF Medisave Account
5ae2d4277370610cc51a93d4;2021;4;2021-04-27;128.0;CPF Medisave Account
5ae2d4277370610cc51a93d4;2022;4;2022-04-27;128.0;CPF Medisave Account
5ae2d4c07370610cc61a93f5;2018;4;2018-04-27;300.0 | 48.0;CPF Medisave Account | Cash ( GIRO )
5ae2d4c07370610cc61a93f5;2019;4;2019-04-27;300.0 | 48.0;CPF Medisave Account | Cash ( GIRO )
5ae2d4c07370610cc61a93f5;2020;4;2020-04-27;300.0 | 48.0;CPF Medisave Account | Cash ( GIRO )
5ae2d4c07370610cc61a93f5;2021;4;2021-04-27;300.0 | 48.0;CPF Medisave Account | Cash ( GIRO )
5ae2d4c07370610cc61a93f5;2022;4;2022-04-27;300.0 | 48.0;CPF Medisave Account | Cash ( GIRO )
5ae2d5827370610cc61a93fc;2003;4;2003-04-27;2345.0;Cash ( GIRO )
5ae2d5827370610cc61a93fc;2004;4;2004-04-27;2345.0;Cash ( GIRO )
5ae2d5827370610cc61a93fc;2005;4;2005-04-27;2345.0;Cash ( GIRO )
5ae2d5827370610cc61a93fc;2006;4;2006-04-27;2345.0;Cash ( GIRO )
5ae2d5827370610cc61a93fc;2007;4;2007-04-27;2345.0;Cash ( GIRO )
5ae2d5827370610cc61a93fc;2008;4;2008-04-27;2345.0;Cash ( GIRO )
5ae2d5827370610cc61a93fc;2009;4;2009-04-27;2345.0;Cash ( GIRO )
5ae2d5827370610cc61a93fc;2010;4;2010-04-27;2345.0;Cash ( GIRO )
5ae2d5827370610cc61a93fc;2011;4;2011-04-27;2345.0;Cash ( GIRO )
5ae2d5827370610cc61a93fc;2012;4;2012-04-27;2345.0;Cash ( GIRO )
5ae2d5827370610cc61a93fc;2013;4;2013-04-27;2345.0;Cash ( GIRO )
5ae2d5827370610cc61a93fc;2014;4;2014-04-27;2345.0;Cash ( GIRO )
5ae2d5827370610cc61a93fc;2015;4;2015-04-27;2345.0;Cash ( GIRO )
5ae2d5827370610cc61a93fc;2016;4;2016-04-27;2345.0;Cash ( GIRO )
5ae2d5827370610cc61a93fc;2017;4;2017-04-27;2345.0;Cash ( GIRO )
5ae2d6a67370610cc61a9411;2011;2;2011-02-27;15000.0;Cash ( GIRO )
5ae2d6a67370610cc61a9411;2012;2;2012-02-27;15000.0;Cash ( GIRO )
5ae2d6a67370610cc61a9411;2013;2;2013-02-27;15000.0;Cash ( GIRO )
5ae2d6a67370610cc61a9411;2014;2;2014-02-27;15000.0;Cash ( GIRO )
5ae2d6a67370610cc61a9411;2015;2;2015-02-27;15000.0;Cash ( GIRO )
5ae2d6a67370610cc61a9411;2016;2;2016-02-27;15000.0;Cash ( GIRO )
5ae2d6a67370610cc61a9411;2017;2;2017-02-27;15000.0;Cash ( GIRO )
5ae2d6a67370610cc61a9411;2018;2;2018-02-27;15000.0;Cash ( GIRO )
5ae2d6a67370610cc61a9411;2019;2;2019-02-27;15000.0;Cash ( GIRO )
5ae2d6a67370610cc61a9411;2020;2;2020-02-27;15000.0;Cash ( GIRO )
5ae2d7227370610cc61a9421;2070;4;2070-04-09;1245.0;Cash ( GIRO )
5ae2d7227370610cc61a9421;2069;4;2069-04-09;1245.0;Cash ( GIRO )
5ae2d7227370610cc61a9421;2068;4;2068-04-09;1245.0;Cash ( GIRO )
5ae2d7227370610cc61a9421;2067;4;2067-04-09;1245.0;Cash ( GIRO )
5ae2d7227370610cc61a9421;2066;4;2066-04-09;1245.0;Cash ( GIRO )
5ae2d7227370610cc61a9421;2065;4;2065-04-09;1245.0;Cash ( GIRO )
5ae2d7227370610cc61a9421;2064;4;2064-04-09;1245.0;Cash ( GIRO )
5ae2d7227370610cc61a9421;2063;4;2063-04-09;1245.0;Cash ( GIRO )
5ae2d7227370610cc61a9421;2062;4;2062-04-09;1245.0;Cash ( GIRO )
5ae2d7227370610cc61a9421;2061;4;2061-04-09;1245.0;Cash ( GIRO )
5ae2d7227370610cc61a9421;2060;4;2060-04-09;1245.0;Cash ( GIRO )
5ae2d7227370610cc61a9421;2059;4;2059-04-09;1245.0;Cash ( GIRO )
5ae2d7227370610cc61a9421;2058;4;2058-04-09;1245.0;Cash ( GIRO )
5ae2d7227370610cc61a9421;2057;4;2057-04-09;1245.0;Cash ( GIRO )
5ae2d7227370610cc61a9421;2056;4;2056-04-09;1245.0;Cash ( GIRO )
5ae2d7227370610cc61a9421;2055;4;2055-04-09;1245.0;Cash ( GIRO )
5ae2d7227370610cc61a9421;2054;4;2054-04-09;1245.0;Cash ( GIRO )
5ae2d7227370610cc61a9421;2053;4;2053-04-09;1245.0;Cash ( GIRO )
5ae2d7227370610cc61a9421;2052;4;2052-04-09;1245.0;Cash ( GIRO )
5ae2d7227370610cc61a9421;2051;4;2051-04-09;1245.0;Cash ( GIRO )
5ae2d7227370610cc61a9421;2050;4;2050-04-09;1245.0;Cash ( GIRO )
5ae2d7227370610cc61a9421;2049;4;2049-04-09;1245.0;Cash ( GIRO )
5ae2d7227370610cc61a9421;2048;4;2048-04-09;1245.0;Cash ( GIRO )
5ae2d7227370610cc61a9421;2047;4;2047-04-09;1245.0;Cash ( GIRO )
5ae2d7227370610cc61a9421;2046;4;2046-04-09;1245.0;Cash ( GIRO )
5ae2d7227370610cc61a9421;2045;4;2045-04-09;1245.0;Cash ( GIRO )
5ae2d7227370610cc61a9421;2044;4;2044-04-09;1245.0;Cash ( GIRO )
5ae2d7227370610cc61a9421;2043;4;2043-04-09;1245.0;Cash ( GIRO )
5ae2d7227370610cc61a9421;2042;4;2042-04-09;1245.0;Cash ( GIRO )
5ae2d7227370610cc61a9421;2041;4;2041-04-09;1245.0;Cash ( GIRO )
5ae2d7227370610cc61a9421;2040;4;2040-04-09;1245.0;Cash ( GIRO )
5ae2d7227370610cc61a9421;2039;4;2039-04-09;1245.0;Cash ( GIRO )
5ae2d7227370610cc61a9421;2038;4;2038-04-09;1245.0;Cash ( GIRO )
5ae2d7227370610cc61a9421;2037;4;2037-04-09;1245.0;Cash ( GIRO )
5ae2d7227370610cc61a9421;2036;4;2036-04-09;1245.0;Cash ( GIRO )
5ae2d7227370610cc61a9421;2035;4;2035-04-09;1245.0;Cash ( GIRO )
5ae2d7227370610cc61a9421;2034;4;2034-04-09;1245.0;Cash ( GIRO )
5ae2d7227370610cc61a9421;2033;4;2033-04-09;1245.0;Cash ( GIRO )
5ae2d7227370610cc61a9421;2032;4;2032-04-09;1245.0;Cash ( GIRO )
5ae2d7227370610cc61a9421;2031;4;2031-04-09;1245.0;Cash ( GIRO )
5ae2d7227370610cc61a9421;2030;4;2030-04-09;1245.0;Cash ( GIRO )
5ae2d7227370610cc61a9421;2029;4;2029-04-09;1245.0;Cash ( GIRO )
5ae2d7227370610cc61a9421;2028;4;2028-04-09;1245.0;Cash ( GIRO )
5ae2d7227370610cc61a9421;2027;4;2027-04-09;1245.0;Cash ( GIRO )
5ae2d7227370610cc61a9421;2026;4;2026-04-09;1245.0;Cash ( GIRO )
5ae2d7227370610cc61a9421;2025;4;2025-04-09;1245.0;Cash ( GIRO )
5ae2d7227370610cc61a9421;2024;4;2024-04-09;1245.0;Cash ( GIRO )
5ae2d7227370610cc61a9421;2023;4;2023-04-09;1245.0;Cash ( GIRO )
5ae2d7227370610cc61a9421;2022;4;2022-04-09;1245.0;Cash ( GIRO )
5ae2d7227370610cc61a9421;2021;4;2021-04-09;1245.0;Cash ( GIRO )
5ae2d7227370610cc61a9421;2020;4;2020-04-09;1245.0;Cash ( GIRO )
5ae2d7227370610cc61a9421;2019;4;2019-04-09;1245.0;Cash ( GIRO )
5ae2d7227370610cc61a9421;2018;4;2018-04-09;1245.0;Cash ( GIRO )
5ae2d7227370610cc61a9421;2017;4;2017-04-09;1245.0;Cash ( GIRO )
5ae2d7227370610cc61a9421;2016;4;2016-04-09;1245.0;Cash ( GIRO )
5b84b9c3d4ce12785f3f526d;2026;8;2026-08-27;5000.0;Cash ( GIRO )
5b84b9c3d4ce12785f3f526d;2025;8;2025-08-27;5000.0;Cash ( GIRO )
5b84b9c3d4ce12785f3f526d;2024;8;2024-08-27;5000.0;Cash ( GIRO )
5b84b9c3d4ce12785f3f526d;2023;8;2023-08-27;5000.0;Cash ( GIRO )
5b84b9c3d4ce12785f3f526d;2022;8;2022-08-27;5000.0;Cash ( GIRO )
5b84b9c3d4ce12785f3f526d;2021;8;2021-08-27;5000.0;Cash ( GIRO )
5b84b9c3d4ce12785f3f526d;2020;8;2020-08-27;5000.0;Cash ( GIRO )
5b84b9c3d4ce12785f3f526d;2019;8;2019-08-27;5000.0;Cash ( GIRO )
5b84b9c3d4ce12785f3f526d;2018;8;2018-08-27;5000.0;Cash ( GIRO )
5b84b9c3d4ce12785f3f526d;2017;8;2017-08-27;5000.0;Cash ( GIRO )
5bb583c4d4ce121b94ccb41c;2018;8;2018-08-04;2000.0;Cash ( GIRO )
5bb583c4d4ce121b94ccb41c;2019;8;2019-08-04;2000.0;Cash ( GIRO )
5bb583c4d4ce121b94ccb41c;2020;8;2020-08-04;2000.0;Cash ( GIRO )
5bb583c4d4ce121b94ccb41c;2021;8;2021-08-04;2000.0;Cash ( GIRO )
5bb583c4d4ce121b94ccb41c;2022;8;2022-08-04;2000.0;Cash ( GIRO )
5bb583c4d4ce121b94ccb41c;2023;8;2023-08-04;2000.0;Cash ( GIRO )
5bb583c4d4ce121b94ccb41c;2024;8;2024-08-04;2000.0;Cash ( GIRO )
5bb583c4d4ce121b94ccb41c;2025;8;2025-08-04;2000.0;Cash ( GIRO )
5bb583c4d4ce121b94ccb41c;2026;8;2026-08-04;2000.0;Cash ( GIRO )
5bb583c4d4ce121b94ccb41c;2027;8;2027-08-04;2000.0;Cash ( GIRO )
5bb583c4d4ce121b94ccb41c;2028;8;2028-08-04;2000.0;Cash ( GIRO )
5bb583c4d4ce121b94ccb41c;2029;8;2029-08-04;2000.0;Cash ( GIRO )
5bb583c4d4ce121b94ccb41c;2030;8;2030-08-04;2000.0;Cash ( GIRO )
5bb583c4d4ce121b94ccb41c;2031;8;2031-08-04;2000.0;Cash ( GIRO )
5bb583c4d4ce121b94ccb41c;2032;8;2032-08-04;2000.0;Cash ( GIRO )
5c7643dbd4ce123f1109be86;2012;2;2012-02-27;234.0;Cash ( GIRO )
5c7643dbd4ce123f1109be86;2013;2;2013-02-27;234.0;Cash ( GIRO )
5c7643dbd4ce123f1109be86;2014;2;2014-02-27;234.0;Cash ( GIRO )
5c7643dbd4ce123f1109be86;2015;2;2015-02-27;234.0;Cash ( GIRO )
5c7643dbd4ce123f1109be86;2016;2;2016-02-27;234.0;Cash ( GIRO )
5c7f2af4d4ce1230ca5525c6;2000;3;2000-03-06;456.0;Cash ( GIRO )
5c7f2af4d4ce1230ca5525c6;2000;4;2000-04-06;456.0;Cash ( GIRO )
5c7f2af4d4ce1230ca5525c6;2000;5;2000-05-06;456.0;Cash ( GIRO )
5c7f2af4d4ce1230ca5525c6;2000;6;2000-06-06;456.0;Cash ( GIRO )
5c7f2af4d4ce1230ca5525c6;2000;7;2000-07-06;456.0;Cash ( GIRO )
5c7f2af4d4ce1230ca5525c6;2000;8;2000-08-06;456.0;Cash ( GIRO )
5c7f2af4d4ce1230ca5525c6;2000;9;2000-09-06;456.0;Cash ( GIRO )
5c7f2af4d4ce1230ca5525c6;2000;10;2000-10-06;456.0;Cash ( GIRO )
5c7f2af4d4ce1230ca5525c6;2000;11;2000-11-06;456.0;Cash ( GIRO )
5c7f2af4d4ce1230ca5525c6;2000;12;2000-12-06;456.0;Cash ( GIRO )
5c7f2af4d4ce1230ca5525c6;2001;1;2001-01-06;456.0;Cash ( GIRO )
5c7f2af4d4ce1230ca5525c6;2001;2;2001-02-06;456.0;Cash ( GIRO )
5c7f2af4d4ce1230ca5525c6;2001;3;2001-03-06;456.0;Cash ( GIRO )
5c7f2af4d4ce1230ca5525c6;2001;4;2001-04-06;456.0;Cash ( GIRO )
5c7f2af4d4ce1230ca5525c6;2001;5;2001-05-06;456.0;Cash ( GIRO )
5c7f2af4d4ce1230ca5525c6;2001;6;2001-06-06;456.0;Cash ( GIRO )
5c7f2af4d4ce1230ca5525c6;2001;7;2001-07-06;456.0;Cash ( GIRO )
5c7f2af4d4ce1230ca5525c6;2001;8;2001-08-06;456.0;Cash ( GIRO )
5c7f2af4d4ce1230ca5525c6;2001;9;2001-09-06;456.0;Cash ( GIRO )
5c7f2af4d4ce1230ca5525c6;2001;10;2001-10-06;456.0;Cash ( GIRO )
5c7f2af4d4ce1230ca5525c6;2001;11;2001-11-06;456.0;Cash ( GIRO )
5c7f2af4d4ce1230ca5525c6;2001;12;2001-12-06;456.0;Cash ( GIRO )
5c7f2af4d4ce1230ca5525c6;2002;1;2002-01-06;456.0;Cash ( GIRO )
5c7f2af4d4ce1230ca5525c6;2002;2;2002-02-06;456.0;Cash ( GIRO )
5c7f2af4d4ce1230ca5525c6;2002;3;2002-03-06;456.0;Cash ( GIRO )
5c7f2af4d4ce1230ca5525c6;2002;4;2002-04-06;456.0;Cash ( GIRO )
5c7f2af4d4ce1230ca5525c6;2002;5;2002-05-06;456.0;Cash ( GIRO )
5c7f2af4d4ce1230ca5525c6;2002;6;2002-06-06;456.0;Cash ( GIRO )
5c7f2af4d4ce1230ca5525c6;2002;7;2002-07-06;456.0;Cash ( GIRO )
5c7f2af4d4ce1230ca5525c6;2002;8;2002-08-06;456.0;Cash ( GIRO )
5c7f2af4d4ce1230ca5525c6;2002;9;2002-09-06;456.0;Cash ( GIRO )
5c7f2af4d4ce1230ca5525c6;2002;10;2002-10-06;456.0;Cash ( GIRO )
5c7f2af4d4ce1230ca5525c6;2002;11;2002-11-06;456.0;Cash ( GIRO )
5c7f2af4d4ce1230ca5525c6;2002;12;2002-12-06;456.0;Cash ( GIRO )
5c7f2af4d4ce1230ca5525c6;2003;1;2003-01-06;456.0;Cash ( GIRO )
5c7f2af4d4ce1230ca5525c6;2003;2;2003-02-06;456.0;Cash ( GIRO )
5c7f2af4d4ce1230ca5525c6;2003;3;2003-03-06;456.0;Cash ( GIRO )
5c7f2af4d4ce1230ca5525c6;2003;4;2003-04-06;456.0;Cash ( GIRO )
5c7f2af4d4ce1230ca5525c6;2003;5;2003-05-06;456.0;Cash ( GIRO )
5c7f2af4d4ce1230ca5525c6;2003;6;2003-06-06;456.0;Cash ( GIRO )
5c7f2af4d4ce1230ca5525c6;2003;7;2003-07-06;456.0;Cash ( GIRO )
5c7f2af4d4ce1230ca5525c6;2003;8;2003-08-06;456.0;Cash ( GIRO )
5c7f2af4d4ce1230ca5525c6;2003;9;2003-09-06;456.0;Cash ( GIRO )
5c7f2af4d4ce1230ca5525c6;2003;10;2003-10-06;456.0;Cash ( GIRO )
5c7f2af4d4ce1230ca5525c6;2003;11;2003-11-06;456.0;Cash ( GIRO )
5c7f2af4d4ce1230ca5525c6;2003;12;2003-12-06;456.0;Cash ( GIRO )
5c7f2af4d4ce1230ca5525c6;2004;1;2004-01-06;456.0;Cash ( GIRO )
5c7f2af4d4ce1230ca5525c6;2004;2;2004-02-06;456.0;Cash ( GIRO )
5c7f2af4d4ce1230ca5525c6;2004;3;2004-03-06;456.0;Cash ( GIRO )
5c7f2af4d4ce1230ca5525c6;2004;4;2004-04-06;456.0;Cash ( GIRO )
5c7f2af4d4ce1230ca5525c6;2004;5;2004-05-06;456.0;Cash ( GIRO )
5c7f2af4d4ce1230ca5525c6;2004;6;2004-06-06;456.0;Cash ( GIRO )
5c7f2af4d4ce1230ca5525c6;2004;7;2004-07-06;456.0;Cash ( GIRO )
5c7f2af4d4ce1230ca5525c6;2004;8;2004-08-06;456.0;Cash ( GIRO )
5c7f2af4d4ce1230ca5525c6;2004;9;2004-09-06;456.0;Cash ( GIRO )
5c7f2af4d4ce1230ca5525c6;2004;10;2004-10-06;456.0;Cash ( GIRO )
5c7f2af4d4ce1230ca5525c6;2004;11;2004-11-06;456.0;Cash ( GIRO )
5c7f2af4d4ce1230ca5525c6;2004;12;2004-12-06;456.0;Cash ( GIRO )
5c7f2af4d4ce1230ca5525c6;2005;1;2005-01-06;456.0;Cash ( GIRO )
5c7f2af4d4ce1230ca5525c6;2005;2;2005-02-06;456.0;Cash ( GIRO )
5c7f2af4d4ce1230ca5525c6;2005;3;2005-03-06;456.0;Cash ( GIRO )
5c7f2af4d4ce1230ca5525c6;2005;4;2005-04-06;456.0;Cash ( GIRO )
5c7f2af4d4ce1230ca5525c6;2005;5;2005-05-06;456.0;Cash ( GIRO )
5c7f2af4d4ce1230ca5525c6;2005;6;2005-06-06;456.0;Cash ( GIRO )
5c7f2af4d4ce1230ca5525c6;2005;7;2005-07-06;456.0;Cash ( GIRO )
5c7f2af4d4ce1230ca5525c6;2005;8;2005-08-06;456.0;Cash ( GIRO )
5c7f2af4d4ce1230ca5525c6;2005;9;2005-09-06;456.0;Cash ( GIRO )
5c7f2af4d4ce1230ca5525c6;2005;10;2005-10-06;456.0;Cash ( GIRO )
5c7f2af4d4ce1230ca5525c6;2005;11;2005-11-06;456.0;Cash ( GIRO )
5c7f2af4d4ce1230ca5525c6;2005;12;2005-12-06;456.0;Cash ( GIRO )
5c7f2af4d4ce1230ca5525c6;2006;1;2006-01-06;456.0;Cash ( GIRO )
5c7f2af4d4ce1230ca5525c6;2006;2;2006-02-06;456.0;Cash ( GIRO )
5c7f2af4d4ce1230ca5525c6;2006;3;2006-03-06;456.0;Cash ( GIRO )
5c7f2af4d4ce1230ca5525c6;2006;4;2006-04-06;456.0;Cash ( GIRO )
5c7f2af4d4ce1230ca5525c6;2006;5;2006-05-06;456.0;Cash ( GIRO )
5c7f2af4d4ce1230ca5525c6;2006;6;2006-06-06;456.0;Cash ( GIRO )
5c7f2af4d4ce1230ca5525c6;2006;7;2006-07-06;456.0;Cash ( GIRO )
5c7f2af4d4ce1230ca5525c6;2006;8;2006-08-06;456.0;Cash ( GIRO )
5c7f2af4d4ce1230ca5525c6;2006;9;2006-09-06;456.0;Cash ( GIRO )
5c7f2af4d4ce1230ca5525c6;2006;10;2006-10-06;456.0;Cash ( GIRO )
5c7f2af4d4ce1230ca5525c6;2006;11;2006-11-06;456.0;Cash ( GIRO )
5c7f2af4d4ce1230ca5525c6;2006;12;2006-12-06;456.0;Cash ( GIRO )
5c7f2af4d4ce1230ca5525c6;2007;1;2007-01-06;456.0;Cash ( GIRO )
5c7f2af4d4ce1230ca5525c6;2007;2;2007-02-06;456.0;Cash ( GIRO )
5c7f2af4d4ce1230ca5525c6;2007;3;2007-03-06;456.0;Cash ( GIRO )
5c7f2af4d4ce1230ca5525c6;2007;4;2007-04-06;456.0;Cash ( GIRO )
5c7f2af4d4ce1230ca5525c6;2007;5;2007-05-06;456.0;Cash ( GIRO )
5c7f2af4d4ce1230ca5525c6;2007;6;2007-06-06;456.0;Cash ( GIRO )
5c7f2af4d4ce1230ca5525c6;2007;7;2007-07-06;456.0;Cash ( GIRO )
5c7f2af4d4ce1230ca5525c6;2007;8;2007-08-06;456.0;Cash ( GIRO )
5c7f2af4d4ce1230ca5525c6;2007;9;2007-09-06;456.0;Cash ( GIRO )
5c7f2af4d4ce1230ca5525c6;2007;10;2007-10-06;456.0;Cash ( GIRO )
5c7f2af4d4ce1230ca5525c6;2007;11;2007-11-06;456.0;Cash ( GIRO )
5c7f2af4d4ce1230ca5525c6;2007;12;2007-12-06;456.0;Cash ( GIRO )
5c7f2af4d4ce1230ca5525c6;2008;1;2008-01-06;456.0;Cash ( GIRO )
5c7f2af4d4ce1230ca5525c6;2008;2;2008-02-06;456.0;Cash ( GIRO )
5c7f2af4d4ce1230ca5525c6;2008;3;2008-03-06;456.0;Cash ( GIRO )
5c7f2af4d4ce1230ca5525c6;2008;4;2008-04-06;456.0;Cash ( GIRO )
5c7f2af4d4ce1230ca5525c6;2008;5;2008-05-06;456.0;Cash ( GIRO )
5c7f2af4d4ce1230ca5525c6;2008;6;2008-06-06;456.0;Cash ( GIRO )
5c7f2af4d4ce1230ca5525c6;2008;7;2008-07-06;456.0;Cash ( GIRO )
5c7f2af4d4ce1230ca5525c6;2008;8;2008-08-06;456.0;Cash ( GIRO )
5c7f2af4d4ce1230ca5525c6;2008;9;2008-09-06;456.0;Cash ( GIRO )
5c7f2af4d4ce1230ca5525c6;2008;10;2008-10-06;456.0;Cash ( GIRO )
5c7f2af4d4ce1230ca5525c6;2008;11;2008-11-06;456.0;Cash ( GIRO )
5c7f2af4d4ce1230ca5525c6;2008;12;2008-12-06;456.0;Cash ( GIRO )
5c7f2af4d4ce1230ca5525c6;2009;1;2009-01-06;456.0;Cash ( GIRO )
5c7f2af4d4ce1230ca5525c6;2009;2;2009-02-06;456.0;Cash ( GIRO )
5c7f2af4d4ce1230ca5525c6;2009;3;2009-03-06;456.0;Cash ( GIRO )
5c7f2af4d4ce1230ca5525c6;2009;4;2009-04-06;456.0;Cash ( GIRO )
5c7f2af4d4ce1230ca5525c6;2009;5;2009-05-06;456.0;Cash ( GIRO )
5c7f2af4d4ce1230ca5525c6;2009;6;2009-06-06;456.0;Cash ( GIRO )
5c7f2af4d4ce1230ca5525c6;2009;7;2009-07-06;456.0;Cash ( GIRO )
5c7f2af4d4ce1230ca5525c6;2009;8;2009-08-06;456.0;Cash ( GIRO )
5c7f2af4d4ce1230ca5525c6;2009;9;2009-09-06;456.0;Cash ( GIRO )
5c7f2af4d4ce1230ca5525c6;2009;10;2009-10-06;456.0;Cash ( GIRO )
5c7f2af4d4ce1230ca5525c6;2009;11;2009-11-06;456.0;Cash ( GIRO )
5c7f2af4d4ce1230ca5525c6;2009;12;2009-12-06;456.0;Cash ( GIRO )
5c7f2af4d4ce1230ca5525c6;2010;1;2010-01-06;456.0;Cash ( GIRO )
5c7f2af4d4ce1230ca5525c6;2010;2;2010-02-06;456.0;Cash ( GIRO )
5c7f2af4d4ce1230ca5525c6;2010;3;2010-03-06;456.0;Cash ( GIRO )
5c7f2af4d4ce1230ca5525c6;2010;4;2010-04-06;456.0;Cash ( GIRO )
5c7f2af4d4ce1230ca5525c6;2010;5;2010-05-06;456.0;Cash ( GIRO )
5c7f2af4d4ce1230ca5525c6;2010;6;2010-06-06;456.0;Cash ( GIRO )
5c7f2af4d4ce1230ca5525c6;2010;7;2010-07-06;456.0;Cash ( GIRO )
5c7f2af4d4ce1230ca5525c6;2010;8;2010-08-06;456.0;Cash ( GIRO )
5c7f2af4d4ce1230ca5525c6;2010;9;2010-09-06;456.0;Cash ( GIRO )
5c7f2af4d4ce1230ca5525c6;2010;10;2010-10-06;456.0;Cash ( GIRO )
5c7f2af4d4ce1230ca5525c6;2010;11;2010-11-06;456.0;Cash ( GIRO )
5c7f2af4d4ce1230ca5525c6;2010;12;2010-12-06;456.0;Cash ( GIRO )
5c7f2af4d4ce1230ca5525c6;2011;1;2011-01-06;456.0;Cash ( GIRO )
5c7f2af4d4ce1230ca5525c6;2011;2;2011-02-06;456.0;Cash ( GIRO )
5c7f2af4d4ce1230ca5525c6;2011;3;2011-03-06;456.0;Cash ( GIRO )
5c7f2af4d4ce1230ca5525c6;2011;4;2011-04-06;456.0;Cash ( GIRO )
5c7f2af4d4ce1230ca5525c6;2011;5;2011-05-06;456.0;Cash ( GIRO )
5c7f2af4d4ce1230ca5525c6;2011;6;2011-06-06;456.0;Cash ( GIRO )
5c7f2af4d4ce1230ca5525c6;2011;7;2011-07-06;456.0;Cash ( GIRO )
5c7f2af4d4ce1230ca5525c6;2011;8;2011-08-06;456.0;Cash ( GIRO )
5c7f2af4d4ce1230ca5525c6;2011;9;2011-09-06;456.0;Cash ( GIRO )
5c7f2af4d4ce1230ca5525c6;2011;10;2011-10-06;456.0;Cash ( GIRO )
5c7f2af4d4ce1230ca5525c6;2011;11;2011-11-06;456.0;Cash ( GIRO )
5c7f2af4d4ce1230ca5525c6;2011;12;2011-12-06;456.0;Cash ( GIRO )
5c7f2af4d4ce1230ca5525c6;2012;1;2012-01-06;456.0;Cash ( GIRO )
5c7f2af4d4ce1230ca5525c6;2012;2;2012-02-06;456.0;Cash ( GIRO )
5c7f2af4d4ce1230ca5525c6;2012;3;2012-03-06;456.0;Cash ( GIRO )
5c7f2af4d4ce1230ca5525c6;2012;4;2012-04-06;456.0;Cash ( GIRO )
5c7f2af4d4ce1230ca5525c6;2012;5;2012-05-06;456.0;Cash ( GIRO )
5c7f2af4d4ce1230ca5525c6;2012;6;2012-06-06;456.0;Cash ( GIRO )
5c7f2af4d4ce1230ca5525c6;2012;7;2012-07-06;456.0;Cash ( GIRO )
5c7f2af4d4ce1230ca5525c6;2012;8;2012-08-06;456.0;Cash ( GIRO )
5c7f2af4d4ce1230ca5525c6;2012;9;2012-09-06;456.0;Cash ( GIRO )
5c7f2af4d4ce1230ca5525c6;2012;10;2012-10-06;456.0;Cash ( GIRO )
5c7f2af4d4ce1230ca5525c6;2012;11;2012-11-06;456.0;Cash ( GIRO )
5c7f2af4d4ce1230ca5525c6;2012;12;2012-12-06;456.0;Cash ( GIRO )
5c7f2af4d4ce1230ca5525c6;2013;1;2013-01-06;456.0;Cash ( GIRO )
5c7f2af4d4ce1230ca5525c6;2013;2;2013-02-06;456.0;Cash ( GIRO )
5c7f2af4d4ce1230ca5525c6;2013;3;2013-03-06;456.0;Cash ( GIRO )
5c7f2af4d4ce1230ca5525c6;2013;4;2013-04-06;456.0;Cash ( GIRO )
5c7f2af4d4ce1230ca5525c6;2013;5;2013-05-06;456.0;Cash ( GIRO )
5c7f2af4d4ce1230ca5525c6;2013;6;2013-06-06;456.0;Cash ( GIRO )
5c7f2af4d4ce1230ca5525c6;2013;7;2013-07-06;456.0;Cash ( GIRO )
5c7f2af4d4ce1230ca5525c6;2013;8;2013-08-06;456.0;Cash ( GIRO )
5c7f2af4d4ce1230ca5525c6;2013;9;2013-09-06;456.0;Cash ( GIRO )
5c7f2af4d4ce1230ca5525c6;2013;10;2013-10-06;456.0;Cash ( GIRO )
5c7f2af4d4ce1230ca5525c6;2013;11;2013-11-06;456.0;Cash ( GIRO )
5c7f2af4d4ce1230ca5525c6;2013;12;2013-12-06;456.0;Cash ( GIRO )
5c7f2af4d4ce1230ca5525c6;2014;1;2014-01-06;456.0;Cash ( GIRO )
5c7f2af4d4ce1230ca5525c6;2014;2;2014-02-06;456.0;Cash ( GIRO )
5c7f2af4d4ce1230ca5525c6;2014;3;2014-03-06;456.0;Cash ( GIRO )
5c7f2b3bd4ce1230ca5526cd;2018;4;2018-04-06;0.0;Cash ( Cheque )
5c7f2b3bd4ce1230ca5526cd;2019;4;2019-04-06;0.0;Cash ( Cheque )
5c7f2b3bd4ce1230ca5526cd;2020;4;2020-04-06;0.0;Cash ( Cheque )
5c7f2b3bd4ce1230ca5526cd;2021;4;2021-04-06;0.0;Cash ( Cheque )
5d06eec3d4ce121750423627;2014;6;2014-06-17;1000.0;Cash ( Credit Card )
5d06eec3d4ce121750423627;2015;6;2015-06-17;1000.0;Cash ( Credit Card )
5d06eec3d4ce121750423627;2016;6;2016-06-17;1000.0;Cash ( Credit Card )
5d06eec3d4ce121750423627;2017;6;2017-06-17;1000.0;Cash ( Credit Card )
5d06eec3d4ce121750423627;2018;6;2018-06-17;1000.0;Cash ( Credit Card )
5d132014d4ce12364a4a2bdc;2019;6;2019-06-26;345.0 | 900.0;Cash ( GIRO ) | CPF Medisave Account
5d132014d4ce12364a4a2bdc;2020;6;2020-06-26;345.0 | 900.0;Cash ( GIRO ) | CPF Medisave Account
5d132014d4ce12364a4a2bdc;2021;6;2021-06-26;345.0 | 900.0;Cash ( GIRO ) | CPF Medisave Account
5d132014d4ce12364a4a2bdc;2022;6;2022-06-26;345.0 | 900.0;Cash ( GIRO ) | CPF Medisave Account
5d268968d4ce1277737ba60a;2018;7;2018-07-11;10000.0;Cash ( GIRO )
5d27f082d4ce1237dfc745c5;2018;7;2018-07-12;2234.0;Cash ( GIRO )
5d27f082d4ce1237dfc745c5;2019;7;2019-07-12;2234.0;Cash ( GIRO )
5d27f082d4ce1237dfc745c5;2020;7;2020-07-12;2234.0;Cash ( GIRO )
5d27f082d4ce1237dfc745c5;2021;7;2021-07-12;2234.0;Cash ( GIRO )
5d27f082d4ce1237dfc745c5;2022;7;2022-07-12;2234.0;Cash ( GIRO )
5d27f082d4ce1237dfc745c5;2023;7;2023-07-12;2234.0;Cash ( GIRO )
5d27f082d4ce1237dfc745c5;2024;7;2024-07-12;2234.0;Cash ( GIRO )
5d27f082d4ce1237dfc745c5;2025;7;2025-07-12;2234.0;Cash ( GIRO )
5d27f082d4ce1237dfc745c5;2026;7;2026-07-12;2234.0;Cash ( GIRO )
5d27f082d4ce1237dfc745c5;2027;7;2027-07-12;2234.0;Cash ( GIRO )
5d27f082d4ce1237dfc745c5;2028;7;2028-07-12;2234.0;Cash ( GIRO )
5d27f082d4ce1237dfc745c5;2029;7;2029-07-12;2234.0;Cash ( GIRO )
5d27f082d4ce1237dfc745c5;2030;7;2030-07-12;2234.0;Cash ( GIRO )
5d27f082d4ce1237dfc745c5;2031;7;2031-07-12;2234.0;Cash ( GIRO )
5d27f082d4ce1237dfc745c5;2032;7;2032-07-12;2234.0;Cash ( GIRO )
5d27f082d4ce1237dfc745c5;2033;7;2033-07-12;2234.0;Cash ( GIRO )
5d27f082d4ce1237dfc745c5;2034;7;2034-07-12;2234.0;Cash ( GIRO )
5d27f082d4ce1237dfc745c5;2035;7;2035-07-12;2234.0;Cash ( GIRO )
5d27f082d4ce1237dfc745c5;2036;7;2036-07-12;2234.0;Cash ( GIRO )
5d27f082d4ce1237dfc745c5;2037;7;2037-07-12;2234.0;Cash ( GIRO )
5d27f082d4ce1237dfc745c5;2038;7;2038-07-12;2234.0;Cash ( GIRO )
5d27f082d4ce1237dfc745c5;2039;7;2039-07-12;2234.0;Cash ( GIRO )
5d27f082d4ce1237dfc745c5;2040;7;2040-07-12;2234.0;Cash ( GIRO )
5d27f082d4ce1237dfc745c5;2041;7;2041-07-12;2234.0;Cash ( GIRO )
5d27f082d4ce1237dfc745c5;2042;7;2042-07-12;2234.0;Cash ( GIRO )
5d27f082d4ce1237dfc745c5;2043;7;2043-07-12;2234.0;Cash ( GIRO )
5d27f082d4ce1237dfc745c5;2044;7;2044-07-12;2234.0;Cash ( GIRO )
5d27f082d4ce1237dfc745c5;2045;7;2045-07-12;2234.0;Cash ( GIRO )
5d27f082d4ce1237dfc745c5;2046;7;2046-07-12;2234.0;Cash ( GIRO )
5d27f082d4ce1237dfc745c5;2047;7;2047-07-12;2234.0;Cash ( GIRO )
5d27f082d4ce1237dfc745c5;2048;7;2048-07-12;2234.0;Cash ( GIRO )
5d27f082d4ce1237dfc745c5;2049;7;2049-07-12;2234.0;Cash ( GIRO )
5d27f082d4ce1237dfc745c5;2050;7;2050-07-12;2234.0;Cash ( GIRO )
5d27f082d4ce1237dfc745c5;2051;7;2051-07-12;2234.0;Cash ( GIRO )
5d27f082d4ce1237dfc745c5;2052;7;2052-07-12;2234.0;Cash ( GIRO )
5d27f082d4ce1237dfc745c5;2053;7;2053-07-12;2234.0;Cash ( GIRO )
5d27f082d4ce1237dfc745c5;2054;7;2054-07-12;2234.0;Cash ( GIRO )
5d27f082d4ce1237dfc745c5;2055;7;2055-07-12;2234.0;Cash ( GIRO )
5d27f082d4ce1237dfc745c5;2056;7;2056-07-12;2234.0;Cash ( GIRO )
5d27f082d4ce1237dfc745c5;2057;7;2057-07-12;2234.0;Cash ( GIRO )
5d27f082d4ce1237dfc745c5;2058;7;2058-07-12;2234.0;Cash ( GIRO )
5d27f082d4ce1237dfc745c5;2059;7;2059-07-12;2234.0;Cash ( GIRO )
5d27f082d4ce1237dfc745c5;2060;7;2060-07-12;2234.0;Cash ( GIRO )
5d27f082d4ce1237dfc745c5;2061;7;2061-07-12;2234.0;Cash ( GIRO )
5d27f082d4ce1237dfc745c5;2062;7;2062-07-12;2234.0;Cash ( GIRO )
5d27f082d4ce1237dfc745c5;2063;7;2063-07-12;2234.0;Cash ( GIRO )
5d27f082d4ce1237dfc745c5;2064;7;2064-07-12;2234.0;Cash ( GIRO )
5d27f082d4ce1237dfc745c5;2065;7;2065-07-12;2234.0;Cash ( GIRO )
5d27f082d4ce1237dfc745c5;2066;7;2066-07-12;2234.0;Cash ( GIRO )
5db914c2d4ce1279891ea20b;2019;10;2019-10-28;2134.0;Cash ( GIRO )
5db914c2d4ce1279891ea20b;2020;10;2020-10-28;2134.0;Cash ( GIRO )
5db914c2d4ce1279891ea20b;2021;10;2021-10-28;2134.0;Cash ( GIRO )
5db914c2d4ce1279891ea20b;2022;10;2022-10-28;2134.0;Cash ( GIRO )
5db914c2d4ce1279891ea20b;2023;10;2023-10-28;2134.0;Cash ( GIRO )
5db914c2d4ce1279891ea20b;2024;10;2024-10-28;2134.0;Cash ( GIRO )
5db914c2d4ce1279891ea20b;2025;10;2025-10-28;2134.0;Cash ( GIRO )
5db914c2d4ce1279891ea20b;2026;10;2026-10-28;2134.0;Cash ( GIRO )
5db914c2d4ce1279891ea20b;2027;10;2027-10-28;2134.0;Cash ( GIRO )
5db914c2d4ce1279891ea20b;2028;10;2028-10-28;2134.0;Cash ( GIRO )
5db914c2d4ce1279891ea20b;2029;10;2029-10-28;2134.0;Cash ( GIRO )
5db914c2d4ce1279891ea20b;2030;10;2030-10-28;2134.0;Cash ( GIRO )
5db914c2d4ce1279891ea20b;2031;10;2031-10-28;2134.0;Cash ( GIRO )
5db914c2d4ce1279891ea20b;2032;10;2032-10-28;2134.0;Cash ( GIRO )
5db914c2d4ce1279891ea20b;2033;10;2033-10-28;2134.0;Cash ( GIRO )
5db914c2d4ce1279891ea20b;2034;10;2034-10-28;2134.0;Cash ( GIRO )
5db914c2d4ce1279891ea20b;2035;10;2035-10-28;2134.0;Cash ( GIRO )
5db914c2d4ce1279891ea20b;2036;10;2036-10-28;2134.0;Cash ( GIRO )
5db914c2d4ce1279891ea20b;2037;10;2037-10-28;2134.0;Cash ( GIRO )
5db914c2d4ce1279891ea20b;2038;10;2038-10-28;2134.0;Cash ( GIRO )
5db914c2d4ce1279891ea20b;2039;10;2039-10-28;2134.0;Cash ( GIRO )
5db914c2d4ce1279891ea20b;2040;10;2040-10-28;2134.0;Cash ( GIRO )
5db914c2d4ce1279891ea20b;2041;10;2041-10-28;2134.0;Cash ( GIRO )
5db914c2d4ce1279891ea20b;2042;10;2042-10-28;2134.0;Cash ( GIRO )
5db914c2d4ce1279891ea20b;2043;10;2043-10-28;2134.0;Cash ( GIRO )
5db914c2d4ce1279891ea20b;2044;10;2044-10-28;2134.0;Cash ( GIRO )
5db914c2d4ce1279891ea20b;2045;10;2045-10-28;2134.0;Cash ( GIRO )
5db914c2d4ce1279891ea20b;2046;10;2046-10-28;2134.0;Cash ( GIRO )
5db914c2d4ce1279891ea20b;2047;10;2047-10-28;2134.0;Cash ( GIRO )
5db914c2d4ce1279891ea20b;2048;10;2048-10-28;2134.0;Cash ( GIRO )
5db914c2d4ce1279891ea20b;2049;10;2049-10-28;2134.0;Cash ( GIRO )
5db914c2d4ce1279891ea20b;2050;10;2050-10-28;2134.0;Cash ( GIRO )
5db914c2d4ce1279891ea20b;2051;10;2051-10-28;2134.0;Cash ( GIRO )
5db914c2d4ce1279891ea20b;2052;10;2052-10-28;2134.0;Cash ( GIRO )
5db914c2d4ce1279891ea20b;2053;10;2053-10-28;2134.0;Cash ( GIRO )
5db914c2d4ce1279891ea20b;2054;10;2054-10-28;2134.0;Cash ( GIRO )
5db914c2d4ce1279891ea20b;2055;10;2055-10-28;2134.0;Cash ( GIRO )
5db914c2d4ce1279891ea20b;2056;10;2056-10-28;2134.0;Cash ( GIRO )
5db914c2d4ce1279891ea20b;2057;10;2057-10-28;2134.0;Cash ( GIRO )
5db914c2d4ce1279891ea20b;2058;10;2058-10-28;2134.0;Cash ( GIRO )
5db914c2d4ce1279891ea20b;2059;10;2059-10-28;2134.0;Cash ( GIRO )
5db914c2d4ce1279891ea20b;2060;10;2060-10-28;2134.0;Cash ( GIRO )
5db914c2d4ce1279891ea20b;2061;10;2061-10-28;2134.0;Cash ( GIRO )
5db914c2d4ce1279891ea20b;2062;10;2062-10-28;2134.0;Cash ( GIRO )
5db914c2d4ce1279891ea20b;2063;10;2063-10-28;2134.0;Cash ( GIRO )
5db914c2d4ce1279891ea20b;2064;10;2064-10-28;2134.0;Cash ( GIRO )
5db914c2d4ce1279891ea20b;2065;10;2065-10-28;2134.0;Cash ( GIRO )
5db914c2d4ce1279891ea20b;2066;10;2066-10-28;2134.0;Cash ( GIRO )
5db91603d4ce1214fb1ea1e5;2019;10;2019-10-30;0.0;Cash ( GIRO )
5db91603d4ce1214fb1ea1e5;2020;10;2020-10-30;0.0;Cash ( GIRO )
5db91603d4ce1214fb1ea1e5;2021;10;2021-10-30;0.0;Cash ( GIRO )
5db91603d4ce1214fb1ea1e5;2022;10;2022-10-30;0.0;Cash ( GIRO )
5db91603d4ce1214fb1ea1e5;2023;10;2023-10-30;0.0;Cash ( GIRO )
5db91603d4ce1214fb1ea1e5;2024;10;2024-10-30;0.0;Cash ( GIRO )
5db91603d4ce1214fb1ea1e5;2025;10;2025-10-30;0.0;Cash ( GIRO )
5db91603d4ce1214fb1ea1e5;2026;10;2026-10-30;0.0;Cash ( GIRO )
5db91603d4ce1214fb1ea1e5;2027;10;2027-10-30;0.0;Cash ( GIRO )
5db91603d4ce1214fb1ea1e5;2028;10;2028-10-30;0.0;Cash ( GIRO )
5db91603d4ce1214fb1ea1e5;2029;10;2029-10-30;0.0;Cash ( GIRO )
5db91603d4ce1214fb1ea1e5;2030;10;2030-10-30;0.0;Cash ( GIRO )
5db91603d4ce1214fb1ea1e5;2031;10;2031-10-30;0.0;Cash ( GIRO )
5db91603d4ce1214fb1ea1e5;2032;10;2032-10-30;0.0;Cash ( GIRO )
5db91603d4ce1214fb1ea1e5;2033;10;2033-10-30;0.0;Cash ( GIRO )
5db91603d4ce1214fb1ea1e5;2034;10;2034-10-30;0.0;Cash ( GIRO )
5db91603d4ce1214fb1ea1e5;2035;10;2035-10-30;0.0;Cash ( GIRO )
5db91603d4ce1214fb1ea1e5;2036;10;2036-10-30;0.0;Cash ( GIRO )
5db91603d4ce1214fb1ea1e5;2037;10;2037-10-30;0.0;Cash ( GIRO )
5db91603d4ce1214fb1ea1e5;2038;10;2038-10-30;0.0;Cash ( GIRO )
5db91603d4ce1214fb1ea1e5;2039;10;2039-10-30;0.0;Cash ( GIRO )
5db91603d4ce1214fb1ea1e5;2040;10;2040-10-30;0.0;Cash ( GIRO )
5db91603d4ce1214fb1ea1e5;2041;10;2041-10-30;0.0;Cash ( GIRO )
5db91603d4ce1214fb1ea1e5;2042;10;2042-10-30;0.0;Cash ( GIRO )
5db91603d4ce1214fb1ea1e5;2043;10;2043-10-30;0.0;Cash ( GIRO )
5db91603d4ce1214fb1ea1e5;2044;10;2044-10-30;0.0;Cash ( GIRO )
5db91603d4ce1214fb1ea1e5;2045;10;2045-10-30;0.0;Cash ( GIRO )
5db91603d4ce1214fb1ea1e5;2046;10;2046-10-30;0.0;Cash ( GIRO )
5db91603d4ce1214fb1ea1e5;2047;10;2047-10-30;0.0;Cash ( GIRO )
5db91603d4ce1214fb1ea1e5;2048;10;2048-10-30;0.0;Cash ( GIRO )
5db91603d4ce1214fb1ea1e5;2049;10;2049-10-30;0.0;Cash ( GIRO )
5db91603d4ce1214fb1ea1e5;2050;10;2050-10-30;0.0;Cash ( GIRO )
5db91603d4ce1214fb1ea1e5;2051;10;2051-10-30;0.0;Cash ( GIRO )
5db91603d4ce1214fb1ea1e5;2052;10;2052-10-30;0.0;Cash ( GIRO )
5db91603d4ce1214fb1ea1e5;2053;10;2053-10-30;0.0;Cash ( GIRO )
5db91603d4ce1214fb1ea1e5;2054;10;2054-10-30;0.0;Cash ( GIRO )
5db91603d4ce1214fb1ea1e5;2055;10;2055-10-30;0.0;Cash ( GIRO )
5db91603d4ce1214fb1ea1e5;2056;10;2056-10-30;0.0;Cash ( GIRO )
5db91603d4ce1214fb1ea1e5;2057;10;2057-10-30;0.0;Cash ( GIRO )
5db91603d4ce1214fb1ea1e5;2058;10;2058-10-30;0.0;Cash ( GIRO )
5db91603d4ce1214fb1ea1e5;2059;10;2059-10-30;0.0;Cash ( GIRO )
5db91603d4ce1214fb1ea1e5;2060;10;2060-10-30;0.0;Cash ( GIRO )
5db91603d4ce1214fb1ea1e5;2061;10;2061-10-30;0.0;Cash ( GIRO )
5db91603d4ce1214fb1ea1e5;2062;10;2062-10-30;0.0;Cash ( GIRO )
5db91603d4ce1214fb1ea1e5;2063;10;2063-10-30;0.0;Cash ( GIRO )
5db91603d4ce1214fb1ea1e5;2064;10;2064-10-30;0.0;Cash ( GIRO )
5db91603d4ce1214fb1ea1e5;2065;10;2065-10-30;0.0;Cash ( GIRO )
5db91603d4ce1214fb1ea1e5;2066;10;2066-10-30;0.0;Cash ( GIRO )
5dfc8525d4ce121f593152a7;2015;12;2015-12-20;600.0 | 342.0;CPF Medisave Account | Cash ( GIRO )
5dfc8525d4ce121f593152a7;2016;12;2016-12-20;600.0 | 342.0;CPF Medisave Account | Cash ( GIRO )
5dfc8525d4ce121f593152a7;2017;12;2017-12-20;600.0 | 342.0;CPF Medisave Account | Cash ( GIRO )
5dfc8525d4ce121f593152a7;2018;12;2018-12-20;600.0 | 342.0;CPF Medisave Account | Cash ( GIRO )
5dfc8525d4ce121f593152a7;2019;12;2019-12-20;600.0 | 342.0;CPF Medisave Account | Cash ( GIRO )
5dfc8525d4ce121f593152a7;2020;12;2020-12-20;600.0 | 342.0;CPF Medisave Account | Cash ( GIRO )
5dfc8525d4ce121f593152a7;2021;12;2021-12-20;600.0 | 342.0;CPF Medisave Account | Cash ( GIRO )
5dfc8525d4ce121f593152a7;2022;12;2022-12-20;600.0 | 342.0;CPF Medisave Account | Cash ( GIRO )
5e58a16819c6788721a614cc;2020;1;2020-01-22;1500.0;Cash ( GIRO )
5e58a16819c6788721a614cc;2021;1;2021-01-22;1500.0;Cash ( GIRO )
5e58a16819c6788721a614cc;2022;1;2022-01-22;1500.0;Cash ( GIRO )
5e58a16819c6788721a614cc;2023;1;2023-01-22;1500.0;Cash ( GIRO )
5e58a16819c6788721a614cc;2024;1;2024-01-22;1500.0;Cash ( GIRO )
5ebe53af279583e8ce8a0af9;2015;6;2015-06-15;2000.0;Cash ( GIRO )
5ebe53af279583e8ce8a0af9;2016;6;2016-06-15;2000.0;Cash ( GIRO )
5ebe53af279583e8ce8a0af9;2017;6;2017-06-15;2000.0;Cash ( GIRO )
5ebe53af279583e8ce8a0af9;2018;6;2018-06-15;2000.0;Cash ( GIRO )
5ebe53af279583e8ce8a0af9;2019;6;2019-06-15;2000.0;Cash ( GIRO )
5ebe53af279583e8ce8a0af9;2020;6;2020-06-15;2000.0;Cash ( GIRO )
5ebe53af279583e8ce8a0af9;2021;6;2021-06-15;2000.0;Cash ( GIRO )
5ebe53af279583e8ce8a0af9;2022;6;2022-06-15;2000.0;Cash ( GIRO )
5ebe53af279583e8ce8a0af9;2023;6;2023-06-15;2000.0;Cash ( GIRO )
5ebe53af279583e8ce8a0af9;2024;6;2024-06-15;2000.0;Cash ( GIRO )
5ebe53af279583e8ce8a0af9;2025;6;2025-06-15;2000.0;Cash ( GIRO )
5ebe53af279583e8ce8a0af9;2026;6;2026-06-15;2000.0;Cash ( GIRO )
5ebe53af279583e8ce8a0af9;2027;6;2027-06-15;2000.0;Cash ( GIRO )
5ebe53af279583e8ce8a0af9;2028;6;2028-06-15;2000.0;Cash ( GIRO )
5ebe53af279583e8ce8a0af9;2029;6;2029-06-15;2000.0;Cash ( GIRO )
5ebe53af279583e8ce8a0af9;2030;6;2030-06-15;2000.0;Cash ( GIRO )
5ebe53af279583e8ce8a0af9;2031;6;2031-06-15;2000.0;Cash ( GIRO )
5ebe53af279583e8ce8a0af9;2032;6;2032-06-15;2000.0;Cash ( GIRO )
5ebe53af279583e8ce8a0af9;2033;6;2033-06-15;2000.0;Cash ( GIRO )
5ebe53af279583e8ce8a0af9;2034;6;2034-06-15;2000.0;Cash ( GIRO )
5ebe53af279583e8ce8a0af9;2035;6;2035-06-15;2000.0;Cash ( GIRO )
5ebe53af279583e8ce8a0af9;2036;6;2036-06-15;2000.0;Cash ( GIRO )
5ebe53af279583e8ce8a0af9;2037;6;2037-06-15;2000.0;Cash ( GIRO )
5ebe53af279583e8ce8a0af9;2038;6;2038-06-15;2000.0;Cash ( GIRO )
5ebe53af279583e8ce8a0af9;2039;6;2039-06-15;2000.0;Cash ( GIRO )
5ebe53af279583e8ce8a0af9;2040;6;2040-06-15;2000.0;Cash ( GIRO )
5ebe53af279583e8ce8a0af9;2041;6;2041-06-15;2000.0;Cash ( GIRO )
5ebe53af279583e8ce8a0af9;2042;6;2042-06-15;2000.0;Cash ( GIRO )
5ebe53af279583e8ce8a0af9;2043;6;2043-06-15;2000.0;Cash ( GIRO )
5ebe53af279583e8ce8a0af9;2044;6;2044-06-15;2000.0;Cash ( GIRO )
5ebe53af279583e8ce8a0af9;2045;6;2045-06-15;2000.0;Cash ( GIRO )
5ebe53af279583e8ce8a0af9;2046;6;2046-06-15;2000.0;Cash ( GIRO )
5ebe53af279583e8ce8a0af9;2047;6;2047-06-15;2000.0;Cash ( GIRO )
5ebe53af279583e8ce8a0af9;2048;6;2048-06-15;2000.0;Cash ( GIRO )
5ebe53af279583e8ce8a0af9;2049;6;2049-06-15;2000.0;Cash ( GIRO )
5ebe53af279583e8ce8a0af9;2050;6;2050-06-15;2000.0;Cash ( GIRO )
5ebe53af279583e8ce8a0af9;2051;6;2051-06-15;2000.0;Cash ( GIRO )
5ebe53af279583e8ce8a0af9;2052;6;2052-06-15;2000.0;Cash ( GIRO )
5ebe53af279583e8ce8a0af9;2053;6;2053-06-15;2000.0;Cash ( GIRO )
5ebe53af279583e8ce8a0af9;2054;6;2054-06-15;2000.0;Cash ( GIRO )
5ebe53af279583e8ce8a0af9;2055;6;2055-06-15;2000.0;Cash ( GIRO )
5ebe53af279583e8ce8a0af9;2056;6;2056-06-15;2000.0;Cash ( GIRO )
5ebe53af279583e8ce8a0af9;2057;6;2057-06-15;2000.0;Cash ( GIRO )
5ebe53af279583e8ce8a0af9;2058;6;2058-06-15;2000.0;Cash ( GIRO )
5ebe53af279583e8ce8a0af9;2059;6;2059-06-15;2000.0;Cash ( GIRO )
5ebe53af279583e8ce8a0af9;2060;6;2060-06-15;2000.0;Cash ( GIRO )
5ebe53af279583e8ce8a0af9;2061;6;2061-06-15;2000.0;Cash ( GIRO )
5ebe53af279583e8ce8a0af9;2062;6;2062-06-15;2000.0;Cash ( GIRO )
5ebe53af279583e8ce8a0af9;2063;6;2063-06-15;2000.0;Cash ( GIRO )
5ebe53af279583e8ce8a0af9;2064;6;2064-06-15;2000.0;Cash ( GIRO )
5ebe53af279583e8ce8a0af9;2065;6;2065-06-15;2000.0;Cash ( GIRO )
5ebe53af279583e8ce8a0af9;2066;6;2066-06-15;2000.0;Cash ( GIRO )
5ebe53af279583e8ce8a0af9;2067;6;2067-06-15;2000.0;Cash ( GIRO )
5ebe53af279583e8ce8a0af9;2068;6;2068-06-15;2000.0;Cash ( GIRO )
5ebe53af279583e8ce8a0af9;2069;6;2069-06-15;2000.0;Cash ( GIRO )
5ebe53af279583e8ce8a0af9;2070;6;2070-06-15;2000.0;Cash ( GIRO )
5ebe53af279583e8ce8a0af9;2071;6;2071-06-15;2000.0;Cash ( GIRO )
5ebe53af279583e8ce8a0af9;2072;6;2072-06-15;2000.0;Cash ( GIRO )
5ebe53af279583e8ce8a0af9;2073;6;2073-06-15;2000.0;Cash ( GIRO )
5ebe53af279583e8ce8a0af9;2074;6;2074-06-15;2000.0;Cash ( GIRO )
5ebe53af279583e8ce8a0af9;2075;6;2075-06-15;2000.0;Cash ( GIRO )
5ebe53af279583e8ce8a0af9;2076;6;2076-06-15;2000.0;Cash ( GIRO )
5ebe53af279583e8ce8a0af9;2077;6;2077-06-15;2000.0;Cash ( GIRO )
5ebe53af279583e8ce8a0af9;2078;6;2078-06-15;2000.0;Cash ( GIRO )
5ebe53af279583e8ce8a0af9;2079;6;2079-06-15;2000.0;Cash ( GIRO )
5ebe53af279583e8ce8a0af9;2080;6;2080-06-15;2000.0;Cash ( GIRO )
5ebe53af279583e8ce8a0af9;2081;6;2081-06-15;2000.0;Cash ( GIRO )
5ebe53af279583e8ce8a0af9;2082;6;2082-06-15;2000.0;Cash ( GIRO )
5ebe53af279583e8ce8a0af9;2083;6;2083-06-15;2000.0;Cash ( GIRO )
5ebe53af279583e8ce8a0af9;2084;6;2084-06-15;2000.0;Cash ( GIRO )
5ebe53af279583e8ce8a0af9;2085;6;2085-06-15;2000.0;Cash ( GIRO )
5ebe53af279583e8ce8a0af9;2086;6;2086-06-15;2000.0;Cash ( GIRO )
5ebe53af279583e8ce8a0af9;2087;6;2087-06-15;2000.0;Cash ( GIRO )
5ebe53af279583e8ce8a0af9;2088;6;2088-06-15;2000.0;Cash ( GIRO )
5ebe53af279583e8ce8a0af9;2089;6;2089-06-15;2000.0;Cash ( GIRO )
5ebe53af279583e8ce8a0af9;2090;6;2090-06-15;2000.0;Cash ( GIRO )
5ebe53af279583e8ce8a0af9;2091;6;2091-06-15;2000.0;Cash ( GIRO )
5ebe53af279583e8ce8a0af9;2092;6;2092-06-15;2000.0;Cash ( GIRO )
5ebe53af279583e8ce8a0af9;2093;6;2093-06-15;2000.0;Cash ( GIRO )
5ebe53af279583e8ce8a0af9;2094;6;2094-06-15;2000.0;Cash ( GIRO )
5ebe53af279583e8ce8a0af9;2095;6;2095-06-15;2000.0;Cash ( GIRO )
5ebe53af279583e8ce8a0af9;2096;6;2096-06-15;2000.0;Cash ( GIRO )
5ebe53af279583e8ce8a0af9;2097;6;2097-06-15;2000.0;Cash ( GIRO )
5ebe53af279583e8ce8a0af9;2098;6;2098-06-15;2000.0;Cash ( GIRO )
5ebe53af279583e8ce8a0af9;2099;6;2099-06-15;2000.0;Cash ( GIRO )
5ebe53af279583e8ce8a0af9;2100;6;2100-06-15;2000.0;Cash ( GIRO )
5ebe53af279583e8ce8a0af9;2101;6;2101-06-15;2000.0;Cash ( GIRO )
5ebe53af279583e8ce8a0af9;2102;6;2102-06-15;2000.0;Cash ( GIRO )
5ebe53af279583e8ce8a0af9;2103;6;2103-06-15;2000.0;Cash ( GIRO )
5ebe53af279583e8ce8a0af9;2104;6;2104-06-15;2000.0;Cash ( GIRO )
5ebe53af279583e8ce8a0af9;2105;6;2105-06-15;2000.0;Cash ( GIRO )
5ebe53af279583e8ce8a0af9;2106;6;2106-06-15;2000.0;Cash ( GIRO )
5ebe53af279583e8ce8a0af9;2107;6;2107-06-15;2000.0;Cash ( GIRO )
5ebe53af279583e8ce8a0af9;2108;6;2108-06-15;2000.0;Cash ( GIRO )
60d6f708e5159f58850a15bf;2021;5;2021-05-26;5000.0;Cash ( GIRO )
60d6f708e5159f58850a15bf;2022;5;2022-05-26;5000.0;Cash ( GIRO )
60d6f708e5159f58850a15bf;2023;5;2023-05-26;5000.0;Cash ( GIRO )
60d6f708e5159f58850a15bf;2024;5;2024-05-26;5000.0;Cash ( GIRO )
60d6f708e5159f58850a15bf;2025;5;2025-05-26;5000.0;Cash ( GIRO )
60d6f708e5159f58850a15bf;2026;5;2026-05-26;5000.0;Cash ( GIRO )
60d6f708e5159f58850a15bf;2027;5;2027-05-26;5000.0;Cash ( GIRO )
60d6f708e5159f58850a15bf;2028;5;2028-05-26;5000.0;Cash ( GIRO )
60d6f708e5159f58850a15bf;2029;5;2029-05-26;5000.0;Cash ( GIRO )
60d6f708e5159f58850a15bf;2030;5;2030-05-26;5000.0;Cash ( GIRO )
60d6f708e5159f58850a15bf;2031;5;2031-05-26;5000.0;Cash ( GIRO )
60d6f708e5159f58850a15bf;2032;5;2032-05-26;5000.0;Cash ( GIRO )
60d6f708e5159f58850a15bf;2033;5;2033-05-26;5000.0;Cash ( GIRO )
60d6f708e5159f58850a15bf;2034;5;2034-05-26;5000.0;Cash ( GIRO )
60d6f708e5159f58850a15bf;2035;5;2035-05-26;5000.0;Cash ( GIRO )
60d6f708e5159f58850a15bf;2036;5;2036-05-26;5000.0;Cash ( GIRO )
60d6f708e5159f58850a15bf;2037;5;2037-05-26;5000.0;Cash ( GIRO )
60d6f708e5159f58850a15bf;2038;5;2038-05-26;5000.0;Cash ( GIRO )
60d6f708e5159f58850a15bf;2039;5;2039-05-26;5000.0;Cash ( GIRO )
60d6f708e5159f58850a15bf;2040;5;2040-05-26;5000.0;Cash ( GIRO )